<?xml version = '1.0' encoding = 'UTF-8'?>
<FKIndexAssociation class="oracle.dbtools.crest.model.design.relational.FKIndexAssociation" directorySegmentName="seg_0" id="08592958-712E-AE13-5969-159C7D5598A9" containerWithKeyObject="14B83685-FAB9-DE81-7E19-67A0A3FBAD3C" localFKIndex="7288E505-6A09-A524-E7B6-E6A7DCA78226" name="T_RECEITAS_T_TIPOS_FK">
<createdBy>wesle</createdBy>
<createdTime>2022-05-24 01:23:50 UTC</createdTime>
<generatorID>F3745A56-BAF4-0418-8C02-BF7BD930F724</generatorID>
<ownerDesignName>modelos</ownerDesignName>
<referredTableLongName>T_TIPOS</referredTableLongName>
<deleteRule>NO ACTION</deleteRule>
<referredTableID>11ADDE48-852B-0971-9D72-51803F2653E3</referredTableID>
<keyObject>E87C8A0D-F596-C76E-D6C6-59EC96AA0ABC</keyObject>
<referredKeyID>E87C8A0D-F596-C76E-D6C6-59EC96AA0ABC</referredKeyID>
<mandatory>true</mandatory>
<refColNames>id_tipo</refColNames>
<transferable>true</transferable>
<rely>false</rely>
<columnDependencyConstraintGenerateInDDL>true</columnDependencyConstraintGenerateInDDL>
</FKIndexAssociation>