<?xml version = '1.0' encoding = 'UTF-8'?>
<FKIndexAssociation class="oracle.dbtools.crest.model.design.relational.FKIndexAssociation" directorySegmentName="seg_0" id="11681F5F-89A5-4EB8-F566-28D3C5C160EF" containerWithKeyObject="B7161384-68D2-C381-51FD-4C89ED40B244" localFKIndex="BD016FFA-E11B-41BC-8FB7-537DEAA6858B" name="T_INVESTIMENTOS_T_CATEGORIA_FK">
<createdBy>wesle</createdBy>
<createdTime>2022-05-24 01:23:50 UTC</createdTime>
<generatorID>0D0CAC02-26F4-5A8B-61C6-75ECF4359928</generatorID>
<ownerDesignName>modelos</ownerDesignName>
<referredTableLongName>T_CATEGORIA</referredTableLongName>
<deleteRule>NO ACTION</deleteRule>
<referredTableID>2C297BB5-CEE0-55B8-8F39-655FFA026FBD</referredTableID>
<keyObject>19E35C2D-1860-182C-705A-574AB3D27E63</keyObject>
<referredKeyID>19E35C2D-1860-182C-705A-574AB3D27E63</referredKeyID>
<mandatory>true</mandatory>
<refColNames>id_categoria</refColNames>
<transferable>true</transferable>
<rely>false</rely>
<columnDependencyConstraintGenerateInDDL>true</columnDependencyConstraintGenerateInDDL>
</FKIndexAssociation>