<?xml version = '1.0' encoding = 'UTF-8'?>
<FKIndexAssociation class="oracle.dbtools.crest.model.design.relational.FKIndexAssociation" directorySegmentName="seg_0" id="C28B018A-4581-2B79-FC29-C6EE4199D994" containerWithKeyObject="025CC72B-BCE9-E2E6-175C-250DEF435EE0" localFKIndex="A5303E73-1FCB-6FF5-299C-B0F6B2F4E079" name="T_GASTOS_T_TIPOS_FK">
<createdBy>wesle</createdBy>
<createdTime>2022-05-24 01:23:50 UTC</createdTime>
<generatorID>CC84EDAA-4F26-0AB3-AAF6-418D9D7AC07B</generatorID>
<ownerDesignName>modelos</ownerDesignName>
<referredTableLongName>T_TIPOS</referredTableLongName>
<deleteRule>NO ACTION</deleteRule>
<referredTableID>11ADDE48-852B-0971-9D72-51803F2653E3</referredTableID>
<keyObject>E87C8A0D-F596-C76E-D6C6-59EC96AA0ABC</keyObject>
<referredKeyID>E87C8A0D-F596-C76E-D6C6-59EC96AA0ABC</referredKeyID>
<mandatory>true</mandatory>
<refColNames>id_tipo</refColNames>
<transferable>true</transferable>
<rely>false</rely>
<columnDependencyConstraintGenerateInDDL>true</columnDependencyConstraintGenerateInDDL>
</FKIndexAssociation>