<?xml version = '1.0' encoding = 'UTF-8'?>
<Table class="oracle.dbtools.crest.model.design.relational.Table" directorySegmentName="seg_0" id="11ADDE48-852B-0971-9D72-51803F2653E3" name="T_TIPOS">
<createdBy>wesle</createdBy>
<createdTime>2022-05-24 01:23:50 UTC</createdTime>
<generatorID>52C8EAE4-AFCD-0370-5F2A-973B90A99337</generatorID>
<ownerDesignName>modelos</ownerDesignName>
<allowColumnReorder>false</allowColumnReorder>
<existDependencyGenerateInDDl>true</existDependencyGenerateInDDl>
<parsed>true</parsed>
<columns itemClass="oracle.dbtools.crest.model.design.relational.Column">
<Column name="id_tipo" id="3CDDC764-46CE-8F09-551F-FE20E30E4721">
<createdBy>wesle</createdBy>
<createdTime>2022-05-24 01:23:50 UTC</createdTime>
<commentInRDBMS><![CDATA[Pode ter até 99 formas  de lucros e/ou gastos.]]></commentInRDBMS>
<generatorID>3810281E-CA6D-FCA2-1FC1-9A6DFB921A43</generatorID>
<ownerDesignName>modelos</ownerDesignName>
<useDomainConstraints>false</useDomainConstraints>
<use>1</use>
<logicalDatatype>LOGDT019</logicalDatatype>
<dataTypePrecision>1</dataTypePrecision>
<ownDataTypeParameters>,1,</ownDataTypeParameters>
<autoIncrementCycle>false</autoIncrementCycle>
</Column>
<Column name="nm_tipo" id="885BC3FA-157D-AC18-D6B4-8528667C0173">
<createdBy>wesle</createdBy>
<createdTime>2022-05-24 01:23:50 UTC</createdTime>
<generatorID>1179F182-486E-3289-B8A8-672287697685</generatorID>
<ownerDesignName>modelos</ownerDesignName>
<useDomainConstraints>false</useDomainConstraints>
<use>1</use>
<logicalDatatype>LOGDT024</logicalDatatype>
<dataTypeSize>20</dataTypeSize>
<ownDataTypeParameters>20,,</ownDataTypeParameters>
<autoIncrementCycle>false</autoIncrementCycle>
</Column>
</columns>
<indexes itemClass="oracle.dbtools.crest.model.design.relational.Index">
<ind_PK_UK id="E87C8A0D-F596-C76E-D6C6-59EC96AA0ABC" name="T_TIPOS_PK">
<createdBy>wesle</createdBy>
<createdTime>2022-05-24 01:23:50 UTC</createdTime>
<generatorID>3627C1FA-AA73-4CE6-B3F1-8992DE0E0BCC</generatorID>
<ownerDesignName>modelos</ownerDesignName>
<pk>true</pk>
<indexState>Primary Constraint</indexState>
<isSurrogateKey>false</isSurrogateKey>
<indexColumnUsage>
<colUsage columnID="3CDDC764-46CE-8F09-551F-FE20E30E4721"/>
</indexColumnUsage>
</ind_PK_UK>
</indexes>
</Table>