<?xml version = '1.0' encoding = 'UTF-8'?>
<Table class="oracle.dbtools.crest.model.design.relational.Table" directorySegmentName="seg_0" id="CA9E697E-54FF-CEA0-D34A-C7710773B39E" name="T_ANALISE">
<createdBy>wesle</createdBy>
<createdTime>2022-05-24 01:23:50 UTC</createdTime>
<generatorID>2E9F4427-AA8E-B479-7CC9-0FFA6B51D015</generatorID>
<ownerDesignName>modelos</ownerDesignName>
<allowColumnReorder>false</allowColumnReorder>
<existDependencyGenerateInDDl>true</existDependencyGenerateInDDl>
<parsed>true</parsed>
<columns itemClass="oracle.dbtools.crest.model.design.relational.Column">
<Column name="id_analise" id="FC679A11-1446-6637-20FF-AA6D75AE0AF9">
<createdBy>wesle</createdBy>
<createdTime>2022-05-24 01:23:50 UTC</createdTime>
<commentInRDBMS><![CDATA[Armazena até 9 analise por usuario.

Analise consiste no total dos lucros, total dos gastos, e o valor restante de um mês.
]]></commentInRDBMS>
<generatorID>C1EF06B3-61A0-3917-2699-A7CD67FFD0FB</generatorID>
<ownerDesignName>modelos</ownerDesignName>
<useDomainConstraints>false</useDomainConstraints>
<use>1</use>
<logicalDatatype>LOGDT011</logicalDatatype>
<ownDataTypeParameters>,,</ownDataTypeParameters>
<autoIncrementCycle>false</autoIncrementCycle>
</Column>
<Column name="dt_analise" id="D676FA0F-1FF1-26AD-727D-41967E7B8E68">
<createdBy>wesle</createdBy>
<createdTime>2022-05-24 01:23:50 UTC</createdTime>
<generatorID>9B3DC808-0C92-BB0A-53E6-FCDDC10D1FBF</generatorID>
<ownerDesignName>modelos</ownerDesignName>
<useDomainConstraints>false</useDomainConstraints>
<use>1</use>
<logicalDatatype>LOGDT007</logicalDatatype>
<ownDataTypeParameters>,,</ownDataTypeParameters>
<autoIncrementCycle>false</autoIncrementCycle>
</Column>
<Column name="lucro_mes" id="B7DE6CB7-9757-F12F-43D3-C8008ACA2E4E">
<createdBy>wesle</createdBy>
<createdTime>2022-05-24 01:23:50 UTC</createdTime>
<commentInRDBMS><![CDATA[0.000.000,00]]></commentInRDBMS>
<generatorID>7DEB638A-A031-3C93-F069-E8630870276F</generatorID>
<ownerDesignName>modelos</ownerDesignName>
<useDomainConstraints>false</useDomainConstraints>
<use>1</use>
<logicalDatatype>LOGDT019</logicalDatatype>
<dataTypePrecision>9</dataTypePrecision>
<dataTypeScale>2</dataTypeScale>
<ownDataTypeParameters>,9,2</ownDataTypeParameters>
<autoIncrementCycle>false</autoIncrementCycle>
</Column>
<Column name="gastos_mes" id="FF3C96A8-3B72-9632-4BEB-BEBA0CC5534F">
<createdBy>wesle</createdBy>
<createdTime>2022-05-24 01:23:50 UTC</createdTime>
<commentInRDBMS><![CDATA[0.000.000,00]]></commentInRDBMS>
<generatorID>BB543CDC-7D1E-437F-36E6-52F719580756</generatorID>
<ownerDesignName>modelos</ownerDesignName>
<useDomainConstraints>false</useDomainConstraints>
<use>1</use>
<logicalDatatype>LOGDT019</logicalDatatype>
<dataTypePrecision>9</dataTypePrecision>
<dataTypeScale>2</dataTypeScale>
<ownDataTypeParameters>,9,2</ownDataTypeParameters>
<autoIncrementCycle>false</autoIncrementCycle>
</Column>
<Column name="T_USUARIO_id_user" id="9A63898D-37C6-9E73-0258-F13A2009F20E">
<createdBy>wesle</createdBy>
<createdTime>2022-05-24 01:23:50 UTC</createdTime>
<generatorID>304A17FD-E407-5CC5-9E7E-6A29BEFC4204</generatorID>
<ownerDesignName>modelos</ownerDesignName>
<useDomainConstraints>false</useDomainConstraints>
<use>1</use>
<logicalDatatype>LOGDT019</logicalDatatype>
<dataTypePrecision>9</dataTypePrecision>
<ownDataTypeParameters>,,</ownDataTypeParameters>
<previousColumn>false</previousColumn>
<autoIncrementCycle>false</autoIncrementCycle>
<associations>
<colAssociation fkAssociation="AAE49690-1F10-A46E-A13E-7B2E1CC903AD" referredColumn="AA87E1D8-F9E1-FDCF-AA7E-EB219F1FD47D"/>
</associations>
</Column>
</columns>
<indexes itemClass="oracle.dbtools.crest.model.design.relational.Index">
<ind_PK_UK id="673EB8A5-7DAE-A84F-4481-48A0C81CC8A3" name="T_ANALISE_PK">
<createdBy>wesle</createdBy>
<createdTime>2022-05-24 01:23:50 UTC</createdTime>
<generatorID>AD88A10A-26B6-0515-88C3-FE40ED63594B</generatorID>
<ownerDesignName>modelos</ownerDesignName>
<pk>true</pk>
<indexState>Primary Constraint</indexState>
<isSurrogateKey>false</isSurrogateKey>
<indexColumnUsage>
<colUsage columnID="FC679A11-1446-6637-20FF-AA6D75AE0AF9"/>
</indexColumnUsage>
</ind_PK_UK>
<ind_PK_UK id="0319B859-6F00-0860-5B5E-CF28E6DA88FB" name="T_ANALISE_T_USUARIO_FK">
<createdBy>wesle</createdBy>
<createdTime>2022-05-24 01:23:50 UTC</createdTime>
<generatorID>AE8195A3-5069-3D9A-90B3-046EC93F9AEF</generatorID>
<ownerDesignName>modelos</ownerDesignName>
<indexState>Foreign Key</indexState>
<isSurrogateKey>false</isSurrogateKey>
<indexColumnUsage>
<colUsage columnID="9A63898D-37C6-9E73-0258-F13A2009F20E"/>
</indexColumnUsage>
</ind_PK_UK>
</indexes>
</Table>