<?xml version = '1.0' encoding = 'UTF-8'?>
<Entity class="oracle.dbtools.crest.model.design.logical.Entity" directorySegmentName="seg_0" id="753FB88F-DD8C-A66E-79C9-51CB619D577D" name="T_RECEITAS">
<createdBy>wesle</createdBy>
<createdTime>2022-05-23 22:19:43 UTC</createdTime>
<ownerDesignName>modelos</ownerDesignName>
<engineerTo>
<item key="8656CEC8-6657-370E-E041-348E47212C11" value="true"/>
</engineerTo>
<adequatelyNormalized>NO</adequatelyNormalized>
<expectedVolumes>0</expectedVolumes>
<fwdEngineeringStrategyName>Single Table</fwdEngineeringStrategyName>
<growthPercent>0</growthPercent>
<growthType>Year</growthType>
<maxVolumes>9999999</maxVolumes>
<minVolumes>0</minVolumes>
<normalForm>Third</normalForm>
<attributes itemClass="oracle.dbtools.crest.model.design.logical.Attribute">
<Attribute name="id_receita" id="0317B39A-CE62-A3B0-926C-5FC54D83D634">
<createdBy>wesle</createdBy>
<createdTime>2022-05-23 22:19:59 UTC</createdTime>
<commentInRDBMS><![CDATA[Pode ter até 9 investimentos por usuario]]></commentInRDBMS>
<ownerDesignName>modelos</ownerDesignName>
<engineerTo>
<item key="8656CEC8-6657-370E-E041-348E47212C11" value="true"/>
</engineerTo>
<useDomainConstraints>false</useDomainConstraints>
<use>1</use>
<logicalDatatype>LOGDT011</logicalDatatype>
<ownDataTypeParameters>,,</ownDataTypeParameters>
</Attribute>
<Attribute name="nm_receita" id="19B5CA85-8FE6-BE03-18FA-8BA61697361A">
<createdBy>wesle</createdBy>
<createdTime>2022-05-23 22:20:10 UTC</createdTime>
<ownerDesignName>modelos</ownerDesignName>
<engineerTo>
<item key="8656CEC8-6657-370E-E041-348E47212C11" value="true"/>
</engineerTo>
<useDomainConstraints>false</useDomainConstraints>
<use>1</use>
<logicalDatatype>LOGDT024</logicalDatatype>
<dataTypeSize>30</dataTypeSize>
<ownDataTypeParameters>30,,</ownDataTypeParameters>
</Attribute>
<Attribute name="vl_receita" id="58E3BF4B-5374-F525-BAAC-168559776523">
<createdBy>wesle</createdBy>
<createdTime>2022-05-23 22:20:26 UTC</createdTime>
<commentInRDBMS><![CDATA[0.000.000,00]]></commentInRDBMS>
<ownerDesignName>modelos</ownerDesignName>
<engineerTo>
<item key="8656CEC8-6657-370E-E041-348E47212C11" value="true"/>
</engineerTo>
<useDomainConstraints>false</useDomainConstraints>
<use>1</use>
<logicalDatatype>LOGDT019</logicalDatatype>
<dataTypePrecision>9</dataTypePrecision>
<dataTypeScale>2</dataTypeScale>
<ownDataTypeParameters>,9,2</ownDataTypeParameters>
</Attribute>
<Attribute name="ds_receita" id="789DBC2C-7ABA-9439-0990-572514F2B69E">
<createdBy>wesle</createdBy>
<createdTime>2022-05-23 22:27:55 UTC</createdTime>
<ownerDesignName>modelos</ownerDesignName>
<engineerTo>
<item key="8656CEC8-6657-370E-E041-348E47212C11" value="true"/>
</engineerTo>
<nullsAllowed>true</nullsAllowed>
<useDomainConstraints>false</useDomainConstraints>
<use>1</use>
<logicalDatatype>LOGDT024</logicalDatatype>
<dataTypeSize>100</dataTypeSize>
<ownDataTypeParameters>100,,</ownDataTypeParameters>
</Attribute>
<Attribute name="id_user" id="9DF1A4CD-D843-6268-3D8F-FB157523080C">
<createdBy>wesle</createdBy>
<createdTime>2022-05-23 23:24:49 UTC</createdTime>
<generatorID>1ED8887B-37AB-2309-9DEB-D4EB6DC7537E</generatorID>
<ownerDesignName>modelos</ownerDesignName>
<engineerTo>
<item key="8656CEC8-6657-370E-E041-348E47212C11" value="true"/>
</engineerTo>
<referedAttribute>D6852025-7C46-406A-D581-BD8ADB83EF85</referedAttribute>
<useDomainConstraints>false</useDomainConstraints>
<use>1</use>
<logicalDatatype>LOGDT019</logicalDatatype>
<dataTypePrecision>9</dataTypePrecision>
<ownDataTypeParameters>,,</ownDataTypeParameters>
</Attribute>
<Attribute name="id_tipo" id="E9F546F1-D96B-F728-B407-557C3AA94759">
<createdBy>wesle</createdBy>
<createdTime>2022-05-23 23:25:52 UTC</createdTime>
<generatorID>F3745A56-BAF4-0418-8C02-BF7BD930F724</generatorID>
<ownerDesignName>modelos</ownerDesignName>
<engineerTo>
<item key="8656CEC8-6657-370E-E041-348E47212C11" value="true"/>
</engineerTo>
<referedAttribute>3810281E-CA6D-FCA2-1FC1-9A6DFB921A43</referedAttribute>
<use>1</use>
<logicalDatatype>LOGDT019</logicalDatatype>
<dataTypePrecision>1</dataTypePrecision>
<ownDataTypeParameters>,,</ownDataTypeParameters>
</Attribute>
</attributes>
<identifiers itemClass="oracle.dbtools.crest.model.design.logical.CandidateKey">
<identifier id="C70BE120-E266-6BD1-A348-1E1F148D40B6" name="T_RECEITAS PK">
<createdBy>wesle</createdBy>
<createdTime>2022-05-23 22:20:09 UTC</createdTime>
<ownerDesignName>modelos</ownerDesignName>
<engineerTo>
<item key="8656CEC8-6657-370E-E041-348E47212C11" value="true"/>
</engineerTo>
<pk>true</pk>
<usedAttributes>
<attributeRef>0317B39A-CE62-A3B0-926C-5FC54D83D634</attributeRef>
</usedAttributes>
</identifier>
</identifiers>
</Entity>