<?xml version = '1.0' encoding = 'UTF-8'?>
<Entity class="oracle.dbtools.crest.model.design.logical.Entity" directorySegmentName="seg_0" id="8EFF971D-7D98-0DC7-09CF-35C35C02E633" name="T_INVESTIMENTOS">
<createdBy>wesle</createdBy>
<createdTime>2022-05-23 22:22:30 UTC</createdTime>
<ownerDesignName>modelos</ownerDesignName>
<engineerTo>
<item key="8656CEC8-6657-370E-E041-348E47212C11" value="true"/>
</engineerTo>
<adequatelyNormalized>NO</adequatelyNormalized>
<expectedVolumes>0</expectedVolumes>
<fwdEngineeringStrategyName>Single Table</fwdEngineeringStrategyName>
<growthPercent>0</growthPercent>
<growthType>Year</growthType>
<maxVolumes>9999999</maxVolumes>
<minVolumes>0</minVolumes>
<normalForm>Third</normalForm>
<attributes itemClass="oracle.dbtools.crest.model.design.logical.Attribute">
<Attribute name="id_ivestimento" id="CDA34234-B3CE-D311-74DA-AD2033F93660">
<createdBy>wesle</createdBy>
<createdTime>2022-05-23 22:22:30 UTC</createdTime>
<ownerDesignName>modelos</ownerDesignName>
<engineerTo>
<item key="8656CEC8-6657-370E-E041-348E47212C11" value="true"/>
</engineerTo>
<useDomainConstraints>false</useDomainConstraints>
<use>1</use>
<logicalDatatype>LOGDT011</logicalDatatype>
<ownDataTypeParameters>,,</ownDataTypeParameters>
</Attribute>
<Attribute name="nm_ivestimento" id="5DC44ABD-5299-CAD0-8DD5-7A771CA0E098">
<createdBy>wesle</createdBy>
<createdTime>2022-05-23 22:22:30 UTC</createdTime>
<ownerDesignName>modelos</ownerDesignName>
<engineerTo>
<item key="8656CEC8-6657-370E-E041-348E47212C11" value="true"/>
</engineerTo>
<useDomainConstraints>false</useDomainConstraints>
<use>1</use>
<logicalDatatype>LOGDT024</logicalDatatype>
<dataTypeSize>30</dataTypeSize>
<ownDataTypeParameters>30,,</ownDataTypeParameters>
</Attribute>
<Attribute name="vl_ivestimento" id="860D3000-632A-2B49-5F74-45AE9AC500CB">
<createdBy>wesle</createdBy>
<createdTime>2022-05-23 22:22:30 UTC</createdTime>
<commentInRDBMS><![CDATA[0.000.000,00]]></commentInRDBMS>
<ownerDesignName>modelos</ownerDesignName>
<engineerTo>
<item key="8656CEC8-6657-370E-E041-348E47212C11" value="true"/>
</engineerTo>
<useDomainConstraints>false</useDomainConstraints>
<use>1</use>
<logicalDatatype>LOGDT019</logicalDatatype>
<dataTypePrecision>9</dataTypePrecision>
<dataTypeScale>2</dataTypeScale>
<ownDataTypeParameters>,9,2</ownDataTypeParameters>
</Attribute>
<Attribute name="ds_ivestimento" id="02E7345F-A58D-1AE9-9227-EE05BDD6F5E9">
<createdBy>wesle</createdBy>
<createdTime>2022-05-23 22:24:05 UTC</createdTime>
<ownerDesignName>modelos</ownerDesignName>
<engineerTo>
<item key="8656CEC8-6657-370E-E041-348E47212C11" value="true"/>
</engineerTo>
<nullsAllowed>true</nullsAllowed>
<useDomainConstraints>false</useDomainConstraints>
<use>1</use>
<logicalDatatype>LOGDT024</logicalDatatype>
<dataTypeSize>100</dataTypeSize>
<ownDataTypeParameters>100,,</ownDataTypeParameters>
</Attribute>
<Attribute name="dt_investimento" id="1C181DB6-6DB0-CD2D-8A34-BF6934F24945">
<createdBy>wesle</createdBy>
<createdTime>2022-05-24 00:14:24 UTC</createdTime>
<ownerDesignName>modelos</ownerDesignName>
<engineerTo>
<item key="8656CEC8-6657-370E-E041-348E47212C11" value="true"/>
</engineerTo>
<useDomainConstraints>false</useDomainConstraints>
<use>1</use>
<logicalDatatype>LOGDT007</logicalDatatype>
<ownDataTypeParameters>,,</ownDataTypeParameters>
</Attribute>
<Attribute name="dt_vencimento" id="AE9FBB41-B9EB-6561-D379-6FBF9F8E05C5">
<createdBy>wesle</createdBy>
<createdTime>2022-05-24 00:15:15 UTC</createdTime>
<ownerDesignName>modelos</ownerDesignName>
<engineerTo>
<item key="8656CEC8-6657-370E-E041-348E47212C11" value="true"/>
</engineerTo>
<nullsAllowed>true</nullsAllowed>
<useDomainConstraints>false</useDomainConstraints>
<use>1</use>
<logicalDatatype>LOGDT007</logicalDatatype>
<ownDataTypeParameters>,,</ownDataTypeParameters>
</Attribute>
<Attribute name="id_user" id="3CB9B0B8-CB1F-85FB-D8FE-77D898E62987">
<createdBy>wesle</createdBy>
<createdTime>2022-05-23 23:24:49 UTC</createdTime>
<generatorID>71DD5FAB-50AA-8D1D-029C-DBC1BD22B981</generatorID>
<ownerDesignName>modelos</ownerDesignName>
<engineerTo>
<item key="8656CEC8-6657-370E-E041-348E47212C11" value="true"/>
</engineerTo>
<referedAttribute>D6852025-7C46-406A-D581-BD8ADB83EF85</referedAttribute>
<useDomainConstraints>false</useDomainConstraints>
<use>1</use>
<logicalDatatype>LOGDT019</logicalDatatype>
<dataTypePrecision>9</dataTypePrecision>
<ownDataTypeParameters>,,</ownDataTypeParameters>
</Attribute>
<Attribute name="id_categoria" id="AC0B1B0B-0EBC-7091-8AC1-E968BB056943">
<createdBy>wesle</createdBy>
<createdTime>2022-05-24 00:11:52 UTC</createdTime>
<generatorID>0D0CAC02-26F4-5A8B-61C6-75ECF4359928</generatorID>
<ownerDesignName>modelos</ownerDesignName>
<engineerTo>
<item key="8656CEC8-6657-370E-E041-348E47212C11" value="true"/>
</engineerTo>
<referedAttribute>6323063F-A9A4-61CF-291B-145318DA9411</referedAttribute>
<useDomainConstraints>false</useDomainConstraints>
<use>1</use>
<logicalDatatype>LOGDT019</logicalDatatype>
<dataTypePrecision>1</dataTypePrecision>
<ownDataTypeParameters>,,</ownDataTypeParameters>
</Attribute>
<Attribute name="id_local" id="17A83CC4-1642-EBD0-2F16-73FDAE209FA0">
<createdBy>wesle</createdBy>
<createdTime>2022-05-24 00:14:05 UTC</createdTime>
<generatorID>81CDC2E1-5595-B4B4-1D3F-C2965A220DA6</generatorID>
<ownerDesignName>modelos</ownerDesignName>
<engineerTo>
<item key="8656CEC8-6657-370E-E041-348E47212C11" value="true"/>
</engineerTo>
<referedAttribute>57857847-6062-A4F3-3DF2-23C079619FB1</referedAttribute>
<useDomainConstraints>false</useDomainConstraints>
<use>1</use>
<logicalDatatype>LOGDT019</logicalDatatype>
<dataTypePrecision>2</dataTypePrecision>
<ownDataTypeParameters>,,</ownDataTypeParameters>
</Attribute>
</attributes>
<identifiers itemClass="oracle.dbtools.crest.model.design.logical.CandidateKey">
<identifier id="81C3FB6E-4CA0-43CA-1645-DF59AA299B3B" name="T_RECEITAS PK">
<createdBy>wesle</createdBy>
<createdTime>2022-05-23 22:22:30 UTC</createdTime>
<ownerDesignName>modelos</ownerDesignName>
<engineerTo>
<item key="8656CEC8-6657-370E-E041-348E47212C11" value="true"/>
</engineerTo>
<pk>true</pk>
<usedAttributes>
<attributeRef>CDA34234-B3CE-D311-74DA-AD2033F93660</attributeRef>
</usedAttributes>
</identifier>
</identifiers>
</Entity>