<?xml version = '1.0' encoding = 'UTF-8'?>
<Entity class="oracle.dbtools.crest.model.design.logical.Entity" directorySegmentName="seg_0" id="B858EC0A-E254-5E9B-2968-CC15D25402E3" name="T_USUARIO">
<createdBy>wesle</createdBy>
<createdTime>2022-05-23 22:11:32 UTC</createdTime>
<ownerDesignName>modelos</ownerDesignName>
<engineerTo>
<item key="8656CEC8-6657-370E-E041-348E47212C11" value="true"/>
</engineerTo>
<adequatelyNormalized>NO</adequatelyNormalized>
<expectedVolumes>0</expectedVolumes>
<fwdEngineeringStrategyName>Single Table</fwdEngineeringStrategyName>
<growthPercent>0</growthPercent>
<growthType>Year</growthType>
<maxVolumes>9999999</maxVolumes>
<minVolumes>0</minVolumes>
<normalForm>Third</normalForm>
<attributes itemClass="oracle.dbtools.crest.model.design.logical.Attribute">
<Attribute name="id_user" id="D6852025-7C46-406A-D581-BD8ADB83EF85">
<createdBy>wesle</createdBy>
<createdTime>2022-05-23 22:14:59 UTC</createdTime>
<ownerDesignName>modelos</ownerDesignName>
<engineerTo>
<item key="8656CEC8-6657-370E-E041-348E47212C11" value="true"/>
</engineerTo>
<useDomainConstraints>false</useDomainConstraints>
<use>1</use>
<logicalDatatype>LOGDT019</logicalDatatype>
<dataTypePrecision>9</dataTypePrecision>
<ownDataTypeParameters>,9,</ownDataTypeParameters>
</Attribute>
<Attribute name="dt_nasc" id="D14B1AE4-54CB-8000-4B1A-EDFC25D29A68">
<createdBy>wesle</createdBy>
<createdTime>2022-05-23 22:17:34 UTC</createdTime>
<ownerDesignName>modelos</ownerDesignName>
<engineerTo>
<item key="8656CEC8-6657-370E-E041-348E47212C11" value="true"/>
</engineerTo>
<useDomainConstraints>false</useDomainConstraints>
<use>1</use>
<logicalDatatype>LOGDT007</logicalDatatype>
<ownDataTypeParameters>,,</ownDataTypeParameters>
</Attribute>
<Attribute name="genero" id="BA45B79D-1234-3E22-54B4-39DD413B261F">
<createdBy>wesle</createdBy>
<createdTime>2022-05-23 22:17:52 UTC</createdTime>
<ownerDesignName>modelos</ownerDesignName>
<engineerTo>
<item key="8656CEC8-6657-370E-E041-348E47212C11" value="true"/>
</engineerTo>
<useDomainConstraints>false</useDomainConstraints>
<use>1</use>
<logicalDatatype>LOGDT025</logicalDatatype>
<dataTypeSize>1</dataTypeSize>
<ownDataTypeParameters>1,,</ownDataTypeParameters>
</Attribute>
<Attribute name="email" id="D64D98B3-2396-70EC-DA5F-9D3C8AD24F5F">
<createdBy>wesle</createdBy>
<createdTime>2022-05-23 22:18:27 UTC</createdTime>
<ownerDesignName>modelos</ownerDesignName>
<engineerTo>
<item key="8656CEC8-6657-370E-E041-348E47212C11" value="true"/>
</engineerTo>
<useDomainConstraints>false</useDomainConstraints>
<use>1</use>
<logicalDatatype>LOGDT024</logicalDatatype>
<dataTypeSize>100</dataTypeSize>
<ownDataTypeParameters>100,,</ownDataTypeParameters>
</Attribute>
<Attribute name="senha" id="55B09D17-46E8-A666-43FF-94CDEAD6DC46">
<createdBy>wesle</createdBy>
<createdTime>2022-05-23 22:18:37 UTC</createdTime>
<ownerDesignName>modelos</ownerDesignName>
<engineerTo>
<item key="8656CEC8-6657-370E-E041-348E47212C11" value="true"/>
</engineerTo>
<useDomainConstraints>false</useDomainConstraints>
<use>1</use>
<logicalDatatype>LOGDT024</logicalDatatype>
<dataTypeSize>30</dataTypeSize>
<ownDataTypeParameters>30,,</ownDataTypeParameters>
</Attribute>
<Attribute name="pergunta_senha" id="F87C9B47-A243-5461-BE6C-38370F362E09">
<createdBy>wesle</createdBy>
<createdTime>2022-05-23 23:39:51 UTC</createdTime>
<commentInRDBMS><![CDATA[Pergunta para recuperar senha]]></commentInRDBMS>
<ownerDesignName>modelos</ownerDesignName>
<engineerTo>
<item key="8656CEC8-6657-370E-E041-348E47212C11" value="true"/>
</engineerTo>
<useDomainConstraints>false</useDomainConstraints>
<use>1</use>
<logicalDatatype>LOGDT024</logicalDatatype>
<dataTypeSize>60</dataTypeSize>
<ownDataTypeParameters>60,,</ownDataTypeParameters>
</Attribute>
<Attribute name="resposta_senha" id="BD3AF3FC-CF90-1D4A-771E-57E4EA69BABB">
<createdBy>wesle</createdBy>
<createdTime>2022-05-23 23:40:24 UTC</createdTime>
<commentInRDBMS><![CDATA[Resposta da pergunta de recuperação]]></commentInRDBMS>
<ownerDesignName>modelos</ownerDesignName>
<engineerTo>
<item key="8656CEC8-6657-370E-E041-348E47212C11" value="true"/>
</engineerTo>
<useDomainConstraints>false</useDomainConstraints>
<use>1</use>
<logicalDatatype>LOGDT024</logicalDatatype>
<dataTypeSize>30</dataTypeSize>
<ownDataTypeParameters>30,,</ownDataTypeParameters>
</Attribute>
</attributes>
<identifiers itemClass="oracle.dbtools.crest.model.design.logical.CandidateKey">
<identifier id="F8CD6814-FF30-15E3-974B-C9A6081300BE" name="T_USUARIO PK">
<createdBy>wesle</createdBy>
<createdTime>2022-05-23 22:15:05 UTC</createdTime>
<ownerDesignName>modelos</ownerDesignName>
<engineerTo>
<item key="8656CEC8-6657-370E-E041-348E47212C11" value="true"/>
</engineerTo>
<pk>true</pk>
<usedAttributes>
<attributeRef>D6852025-7C46-406A-D581-BD8ADB83EF85</attributeRef>
</usedAttributes>
</identifier>
</identifiers>
</Entity>