<?xml version = '1.0' encoding = 'UTF-8'?>
<Relation class="oracle.dbtools.crest.model.design.logical.Relation" name="Relation_23" directorySegmentName="seg_0" id="0D0CAC02-26F4-5A8B-61C6-75ECF4359928">
<createdBy>wesle</createdBy>
<createdTime>2022-05-24 00:11:46 UTC</createdTime>
<ownerDesignName>modelos</ownerDesignName>
<engineerTo>
<item key="8656CEC8-6657-370E-E041-348E47212C11" value="true"/>
</engineerTo>
<sourcePk>81C3FB6E-4CA0-43CA-1645-DF59AA299B3B</sourcePk>
<targetPk>5CCA5BD2-FDCC-5103-DD96-D1EEF8AF1BE5</targetPk>
<identifying>false</identifying>
<optionalSource>false</optionalSource>
<optionalTarget>true</optionalTarget>
<sourceCardinality>1</sourceCardinality>
<sourceEntity>8EFF971D-7D98-0DC7-09CF-35C35C02E633</sourceEntity>
<targetCardinalityString>1</targetCardinalityString>
<targetEntity>C0A5F5A9-2CA8-5001-BD42-A9D8CFF1CC92</targetEntity>
<transferable>true</transferable>
<deleteRule>NO ACTION</deleteRule>
</Relation>