<?xml version = '1.0' encoding = 'UTF-8'?>
<Relation class="oracle.dbtools.crest.model.design.logical.Relation" name="investe" directorySegmentName="seg_0" id="71DD5FAB-50AA-8D1D-029C-DBC1BD22B981">
<createdBy>wesle</createdBy>
<createdTime>2022-05-23 22:27:41 UTC</createdTime>
<ownerDesignName>modelos</ownerDesignName>
<engineerTo>
<item key="05163A50-0714-242D-9164-7E09BF30E4B9" value="true"/>
</engineerTo>
<sourcePk>F8CD6814-FF30-15E3-974B-C9A6081300BE</sourcePk>
<identifying>false</identifying>
<optionalSource>true</optionalSource>
<optionalTarget>false</optionalTarget>
<sourceCardinality>1</sourceCardinality>
<sourceEntity>B858EC0A-E254-5E9B-2968-CC15D25402E3</sourceEntity>
<targetCardinalityString>*</targetCardinalityString>
<targetEntity>8EFF971D-7D98-0DC7-09CF-35C35C02E633</targetEntity>
<transferable>true</transferable>
<deleteRule>NO ACTION</deleteRule>
</Relation>