<?xml version = '1.0' encoding = 'UTF-8'?>
<Relation class="oracle.dbtools.crest.model.design.logical.Relation" name="Relation_24" directorySegmentName="seg_0" id="81CDC2E1-5595-B4B4-1D3F-C2965A220DA6">
<createdBy>wesle</createdBy>
<createdTime>2022-05-24 00:14:01 UTC</createdTime>
<ownerDesignName>modelos</ownerDesignName>
<engineerTo>
<item key="8656CEC8-6657-370E-E041-348E47212C11" value="true"/>
</engineerTo>
<sourcePk>81C3FB6E-4CA0-43CA-1645-DF59AA299B3B</sourcePk>
<targetPk>68BB004D-FF55-B08F-E694-87B051DA8853</targetPk>
<identifying>false</identifying>
<optionalSource>false</optionalSource>
<optionalTarget>true</optionalTarget>
<sourceCardinality>1</sourceCardinality>
<sourceEntity>8EFF971D-7D98-0DC7-09CF-35C35C02E633</sourceEntity>
<targetCardinalityString>1</targetCardinalityString>
<targetEntity>228F0C81-585C-2A3E-809C-DEB2F47ECF83</targetEntity>
<transferable>true</transferable>
<deleteRule>NO ACTION</deleteRule>
</Relation>