<?xml version = '1.0' encoding = 'UTF-8'?>
<Relation class="oracle.dbtools.crest.model.design.logical.Relation" name="recebe" directorySegmentName="seg_0" id="AE8195A3-5069-3D9A-90B3-046EC93F9AEF">
<createdBy>wesle</createdBy>
<createdTime>2022-05-24 00:39:03 UTC</createdTime>
<ownerDesignName>modelos</ownerDesignName>
<engineerTo>
<item key="8656CEC8-6657-370E-E041-348E47212C11" value="true"/>
</engineerTo>
<sourcePk>F8CD6814-FF30-15E3-974B-C9A6081300BE</sourcePk>
<identifying>false</identifying>
<optionalSource>true</optionalSource>
<optionalTarget>false</optionalTarget>
<sourceCardinality>1</sourceCardinality>
<sourceEntity>B858EC0A-E254-5E9B-2968-CC15D25402E3</sourceEntity>
<targetCardinalityString>*</targetCardinalityString>
<targetEntity>2E9F4427-AA8E-B479-7CC9-0FFA6B51D015</targetEntity>
<transferable>true</transferable>
<deleteRule>NO ACTION</deleteRule>
</Relation>