<?xml version = '1.0' encoding = 'UTF-8'?>
<Relation class="oracle.dbtools.crest.model.design.logical.Relation" name="recebev1" directorySegmentName="seg_0" id="EE43C5EF-8E53-2BC4-69F6-FACE0D871ACE">
<createdBy>wesle</createdBy>
<createdTime>2022-05-24 00:54:21 UTC</createdTime>
<ownerDesignName>modelos</ownerDesignName>
<engineerTo>
<item key="8656CEC8-6657-370E-E041-348E47212C11" value="true"/>
</engineerTo>
<sourcePk>AD88A10A-26B6-0515-88C3-FE40ED63594B</sourcePk>
<identifying>true</identifying>
<optionalSource>true</optionalSource>
<optionalTarget>false</optionalTarget>
<sourceCardinality>1</sourceCardinality>
<sourceEntity>2E9F4427-AA8E-B479-7CC9-0FFA6B51D015</sourceEntity>
<targetCardinalityString>*</targetCardinalityString>
<targetEntity>9392714C-557F-3533-03B0-F94E359AA5F1</targetEntity>
<transferable>true</transferable>
<deleteRule>NO ACTION</deleteRule>
</Relation>