<?xml version = '1.0' encoding = 'UTF-8'?>
<Relation class="oracle.dbtools.crest.model.design.logical.Relation" name="tem" directorySegmentName="seg_0" id="F3745A56-BAF4-0418-8C02-BF7BD930F724">
<createdBy>wesle</createdBy>
<createdTime>2022-05-23 23:25:41 UTC</createdTime>
<ownerDesignName>modelos</ownerDesignName>
<engineerTo>
<item key="8656CEC8-6657-370E-E041-348E47212C11" value="true"/>
</engineerTo>
<sourcePk>C70BE120-E266-6BD1-A348-1E1F148D40B6</sourcePk>
<targetPk>3627C1FA-AA73-4CE6-B3F1-8992DE0E0BCC</targetPk>
<identifying>false</identifying>
<optionalSource>false</optionalSource>
<optionalTarget>true</optionalTarget>
<sourceCardinality>1</sourceCardinality>
<sourceEntity>753FB88F-DD8C-A66E-79C9-51CB619D577D</sourceEntity>
<targetCardinalityString>1</targetCardinalityString>
<targetEntity>52C8EAE4-AFCD-0370-5F2A-973B90A99337</targetEntity>
<transferable>true</transferable>
<deleteRule>NO ACTION</deleteRule>
</Relation>